<?xml version="1.0" encoding="UTF-8" standalone="yes" ?>
<appProperties xmlns="http://schemas.mathworks.com/matlab/app/2012/appProperties" signature="110F91B2F8F0B84F13DB3A9B9A6C76E40ABB2135">

  <entryPoint>clock_project_by_vinayak</entryPoint>

  <name>clock_project_by_vinayak</name>

  <version>1.0</version>

  <createdByMATLABRelease>(R2020a)</createdByMATLABRelease>

  <GUID>543363ed-1fb4-4dc6-87dc-5fa25b3b3274</GUID>

  <summary>A simple app that lets you know the time in 5 different MathWorks office locations.</summary>

  <description>User can know the time in following locations:
Natick, MA USA
Galway, Ireland
Hyderabad, India
Beijing, China
Chatswood, Australia</description>

  <author>
    <name>Vinayak Mohite</name>
    <contact>vinayakmohite1999@gmail.com</contact>
    <organization>MathWorks</organization>
  </author>

  <supportedPlatforms/>

  <requiredProducts>
    <product identifier="-1" name="MATLAB" version="-1"/>
  </requiredProducts>

  <numFiles>1</numFiles>

  <created>2020-06-14T12:28:08Z</created>

  <appEntries>
    <appFile>/clock_project_by_vinayak.mlapp</appFile>
  </appEntries>

</appProperties>
