<?xml version="1.0" encoding="UTF-8" standalone="yes" ?><cp:coreProperties xmlns:cp="http://schemas.openxmlformats.org/package/2006/metadata/core-properties" xmlns:dc="http://purl.org/dc/elements/1.1/" xmlns:dcmitype="http://purl.org/dc/dcmitype/" xmlns:dcterms="http://purl.org/dc/terms/" xmlns:xsi="http://www.w3.org/2001/XMLSchema-instance"><dcterms:created xsi:type="dcterms:W3CDTF">2020-06-14T12:28:08Z</dcterms:created><dc:creator>Vinayak Mohite</dc:creator><dc:description>User can know the time in following locations:
Natick, MA USA
Galway, Ireland
Hyderabad, India
Beijing, China
Chatswood, Australia</dc:description><dc:title>clock_project_by_vinayak</dc:title><cp:version>1.0</cp:version></cp:coreProperties>